model,b,p
target,0.00259919329737547,0.177695327096302
distractor,0.00396177787287954,0.171609825878322
incongruency,-0.00063023454347487,0.490249041643579
