model,nmovregs,p,b
target,m06,0.386878663105067,0.00801370397634629
target,m12,0.206771566021141,0.0116044373063904
distractor,m06,0.565956982410419,-0.00125548163374313
distractor,m12,0.466907856808975,0.000713346706078185
incongruency,m06,0.353125152136701,0.0103350077735373
incongruency,m12,0.280513953800172,0.0132524564453549
