model,p,b
target,0.126822836152987,-0.00359073333004414
distractor,0.237287039879056,-0.00196882833982131
incongruency,0.863061603329263,-0.00291744867181757
